Sample_text,synergy,antagonism,class
"Je vois clairement les avantages du nouveau système CRM en termes de suivi des interactions client et de l'amélioration de nos processus de vente. C'est certainement un pas dans la bonne direction pour notre besoin de modernisation. Cependant, je suis un peu préoccupé par la courbe d'apprentissage associée à ce nouveau système. J'ai parlé avec plusieurs collègues, et il y a une inquiétude générale que la transition puisse perturber nos opérations courantes, surtout pendant les premiers mois. Peut-être pourrions-nous envisager une formation plus approfondie ou un déploiement par phases pour assurer une transition plus douce ? Je suis prêt à aider à développer ces formations ou à participer à un groupe de travail pour assurer que nous tirons le meilleur parti de cette nouvelle solution sans nuire à notre efficacité actuelle.",Engagé,Résistant,Moteur
"Bonjour, Merci pour la mise à jour sur le projet. J'ai pris connaissance des dernières directives et continuerai à suivre les procédures établies pour l'implémentation de nos plans actuels. Cependant, je dois exprimer mes réserves concernant l'ajustement proposé pour le calendrier des livraisons. À mon avis, ce changement pourrait compliquer nos processus sans apporter d'amélioration tangible à notre efficacité globale. Personnellement, je ne vois pas la nécessité de modifier notre approche actuelle qui a prouvé sa fonctionnalité jusqu'à présent. Je pense que nous devrions reconsidérer cette décision et maintenir notre méthode originale. pour cela",Intéressé,Opposant,Opposant
"Je tiens à dire combien je suis impressionné par l'engagement de notre équipe et par la qualité du travail que nous avons réalisé jusqu'à présent. C'est toujours motivant de travailler sur un projet où chacun est aussi impliqué. Toutefois, concernant la récente proposition sur l'intégration de la nouvelle technologie X, j'ai quelques réserves. Bien que je comprenne les avantages potentiels, je pense que nous pourrions risquer de dépasser notre budget sans garantie de résultats proportionnels. Je suggère que nous prenions plus de temps pour évaluer cette décision, peut-être en explorant d'autres alternatives qui pourraient être plus sûres et tout aussi efficaces.",Engagé,Résistant,Moteur
"Je suis enthousiaste à l'idée d'intégrer la blockchain dans nos processus. Cette technologie n'est pas seulement une avancée, c'est une révolution dans la façon de sécuriser et de gérer les données, et je suis convaincu que cela nous positionnera comme des pionniers dans notre secteur. Je suis déjà en train de me former sur les meilleures pratiques de la blockchain et j'aimerais proposer mes services pour aider à piloter le projet. J'ai des idées spécifiques pour des workshops et des sessions de brainstorming pour assurer une implémentation fluide et efficace. Je pense que c'est une opportunité fantastique pour nous tous de grandir et d'innover ensemble. ",Coopérant,Conciliant,Aligné
"Je tiens à souligner combien je suis investi dans le succès de notre projet et combien je suis fier de ce que nous avons accompli jusqu'à maintenant. Cependant, je dois exprimer mon désaccord profond avec la direction que nous envisageons de prendre concernant l'implémentation de la nouvelle technologie XYZ. Je suis convaincu que cette voie n'est pas seulement inefficace, mais qu'elle pourrait également compromettre nos principes fondamentaux et les objectifs à long terme que nous nous sommes engagés à atteindre.Je respecte l'opinion de chacun ici, mais je me dois de rester ferme sur ce point : adopter cette technologie est une erreur, et je ne peux pas soutenir cette décision. Je suis prêt à discuter de cela aussi longtemps qu'il le faudra et à présenter des alternatives que je crois être non seulement plus viables mais également plus alignées avec notre mission initiale.",Engagé,Opposant,Déchiré
"Je trouve que notre équipe a toujours su innover, et j'apprécie notre volonté d'explorer de nouvelles voies. Concernant la nouvelle stratégie, je demande si elle résonne avec notre identité de marque, nous risquons de rester alignés sur ce que nos clients attendent véritablement de nous. nous devons discuter davantage sur ça",Coopérant,Résistant,Moteur
"Je suis content de voir que nous progressons selon le plan initial et que tous les efforts déployés jusqu'ici portent leurs fruits. J'apprécie vraiment l'opportunité de faire partie de cette équipe et de contribuer à notre objectif commun. Je trouve que les stratégies mises en place sont bien pensées et je suis prêt à continuer à suivre les directives fixées pour les prochaines phases du projet. Si des ajustements sont nécessaires, je suis à l'écoute pour appliquer toute nouvelle directive qui pourrait être décidée",Interessé,Conciliant,Passif
"J'ai pris connaissance de la proposition de modifier notre plan de projet. Bien que je continue à effectuer mes tâches assignées, je ne pense pas que ces modifications soient nécessaires. Je préférerais que nous restions sur notre trajectoire actuelle sans introduire de nouveaux éléments compliqués.",Minimaliste,Opposant,Opposant
"Je comprends et apprécie l'intention derrière la mise à jour de notre système informatique pour renforcer la sécurité et optimiser nos processus. C'est essentiel pour rester compétitifs et sécurisés dans notre environnement de travail de plus en plus numérisé. Toutefois, je suis un peu inquiète quant à la période de transition. D'expérience, de telles mises à jour peuvent perturber nos workflows habituels et réduire temporairement notre productivité. J'espère que nous aurons suffisamment de support technique et des sessions de formation pour nous familiariser avec les nouvelles fonctionnalités. Peut-être pourrions-nous également avoir un plan de déploiement en phases pour minimiser les perturbations ?",Intéressé,Résistant,Moteur
"J'ai vu passer les nouvelles procédures, et ça me va. Je continuerai à suivre les directives données et à m'adapter aux changements sans problème. Si vous avez besoin que je fasse quelque chose de spécifique pour faciliter la transition, faites-le moi savoir.",Minimaliste,Concillant,Passif
il y a une proposition pour changer notre structure organisationnelle. Pour moi les choses doivent rester comme elles sont. je m'impliquerai jamais dans la mise en œuvre de cette nouvelle structure,Minimaliste,Irréconciliant,Irréductible
"Je trouve que notre projet a pris une direction vraiment intéressante, et j'apprécie la dynamique de collaboration que nous avons réussi à établir. J'ai activement participé aux dernières sessions, apportant des idées qui, je pense, peuvent vraiment faire avancer les choses. Néanmoins, je dois avouer que je ne suis pas entièrement convaincu par la décision de prioriser l'initiative Y. Je sens que cette approche pourrait nous détourner de nos objectifs principaux et diluer l'efficacité de ce que nous avons construit jusqu'à présent. Cela peut créer des frictions inutiles et retarder nos délais. Je suis certain que nous pouvons trouver une meilleure façon d'intégrer les besoins de tous sans compromettre notre vision centrale.",Engagé,Résistant,Moteur
"j'ai vu les dernières mises à jour sur notre projet. Si ce sont les étapes que l'équipe a décidé de suivre, je suis d'accord pour continuer dans cette direction.",Minimaliste,Conciliant,Passif
"Récemment, j'ai été profondément motivé par notre initiative de développer une nouvelle fonctionnalité pour le projet. La possibilité de contribuer à quelque chose de significatif qui bénéficiera à notre équipe et à nos clients m'a vraiment inspiré. Travailler en collaboration avec mes collègues et voir nos idées prendre forme a renforcé mon engagement envers le projet. Il y a eu une proposition récente pour modifier notre processus de gestion des tâches, et bien que je comprenne les motivations derrière cette initiative, j'ai quelques réserves quant à sa mise en œuvre immédiate. Cependant, je crois fermement à l'importance de rester ouvert au changement et à l'innovation. Pour cette raison, je propose d'organiser une réunion d'équipe pour discuter des avantages et des inconvénients de cette proposition, en explorant des alternatives qui pourraient mieux répondre à nos besoins tout en minimisant les perturbations.Bien que je sois pleinement investi dans le projet, je dois admettre que la récente complexification de notre processus de communication interne m'a posé quelques défis. Cependant, je suis convaincu qu'avec une communication ouverte et transparente au sein de l'équipe, nous pouvons surmonter ces défis ensemble. Je suis prêt à travailler en étroite collaboration avec mes collègues pour trouver des solutions qui améliorent notre efficacité tout en maintenant un environnement de travail harmonieux.",Coopérant,Résistant,Moteur
 j'ai trouvé notre projet de transition numérique très stimulant. Je suis généralement enthousiaste à propos des innovations technologiques. L'aspect du projet qui me préoccupe particulièrement est le manque de feedback direct des utilisateurs finaux sur les nouveaux systèmes que nous déployons. ,Intéressé,Résistant,Passif
"Un projet récent qui m'a particulièrement motivé était le développement de notre nouvelle ligne de produits éco-responsables. J'étais vraiment engagé dans le processus de création, proposant des idées et participant activement aux réunions d'équipe.  Je trouve que le niveau d'attentes placé sur les résultats à court terme est trop élevé, ce qui pourrait compromettre notre intégrité à long terme et la qualité du produit. ",Coopérant,Opposant,Moteur
"L'expérience la plus récente qui m'a particulièrement motivé concerne notre initiative de réduction des déchets dans le processus de production. Bien que je n'étais pas entièrement convaincu par tous les aspects de l'approche initialement, j'ai vu l'efficacité des résultats et j'ai pleinement soutenu le projet.  En ce qui concerne les éléments du projet qui me mettent mal à l'aise, je dirais que la charge de travail accrue en raison des échéances rapprochées est un défi. Toutefois, je comprends la nécessité de ces délais pour rester compétitifs. Je pense que des ajustements mineurs dans la gestion du temps et la répartition des tâches pourraient aider à atténuer le stress sans compromettre notre productivité.",Engagé,Conciliant,Engagé
"J'ai trouvé beaucoup d'éléments positifs dans notre projet actuel de développement durable, surtout en ce qui concerne la sensibilisation environnementale qu'il promeut. Cela dit, il y a des aspects du processus décisionnel que je n'approuve pas totalement, comme certains choix de matériaux qui ne me semblent pas les plus écologiques possibles. Bien que je n'exprime pas souvent mon désaccord de façon ouverte, je pense que nous pourrions explorer des alternatives plus vertes.",Intéressé,Résistant,Passif
Je n'ai pas de commentaires spécifiques sur les mises à jour; je suivrai les directives qui ont été décidées par l'équipe. Merci de maintenir tout le monde informé. Je continuerai à accomplir mes tâches conformément aux plans établis.,Minimaliste,Conciliant,Passif
" Il y a des décisions prises qui ne correspondent pas à ma vision, mais je n'ai pas cherché à m'opposer ouvertement ou à proposer des alternatives, préférant me tenir à distance. Il y a des aspects du projet, comme l'accélération des délais pour le déploiement de nouvelles technologies",Minimaliste,Irréconciliant,Irréductible
" J'accomplis les tâches qui me sont confiées conformément aux instructions. Je n'ai pas particulièrement cherché à m'impliquer davantage, car je trouve que certains aspects du projet ne sont pas optimisés pour notre flux de travail actuel. Bien que je suive les directives, je pense que nous pourrions améliorer notre efficacité avec des approches plus simples.",Minimaliste,Opposant,Passif
"Je comprends que nous envisageons d'introduire de nouvelles méthodes pour ce projet. Personnellement, je continue de travailler selon les méthodes actuelles, qui me semblent suffisantes. Je ne suis pas sûr que les changements proposés apporteront une amélioration significative.",Minimaliste,Opposant,Irréductible
"Je suis déjà occupé à terminer ce qui m'a été attribué jusqu'ici. Concernant ces nouvelles tâches, je ne suis pas d'accord du tout. Je ne peux pas m'engager au-delà de ce que je fais déjà.",Minimaliste,Irréconciliant,Irréductible
"Sur le projet récent, j'ai noté que plusieurs collègues étaient très investis. Personnellement, j'essaie de rester informé des mises à jour et de me conformer aux échéances, tout en me concentrant principalement sur les responsabilités qui me sont spécifiquement assignées. Pour les aspects du projet qui évoluent rapidement, je m'adapte aux changements comme ils viennent, en suivant les directives reçues. Même si certaines décisions ne semblent pas idéales.",Minimaliste,Conciliant,Passif
"Je participe au projet en complétant les tâches qui me sont attribuées. Je fais en sorte de respecter les échéances et de suivre les instructions données.  Je suis à l'aise avec les méthodes actuellement utilisées dans le projet, car elles correspondent à mes attributions habituelles.",Minimaliste,Conciliant,Passif
"Je suis profondément investi dans notre mission et je crois fermement en nos objectifs. Cependant, je pense que la stratégie que nous envisageons actuellement pourrait nous éloigner de notre vision initiale. Je suggère que nous reprenions cette discussion pour nous assurer que toutes les actions renforcent notre objectif principal",Engagé,Résistant,Moteur
Je comprends et apprécie les raisons derrière les changements proposés et je suis prêt à les soutenir pour le bien de l'équipe et du projet.,Coopérant,Conciliant,Passif
"Je suis passionné par l'innovation et le progrès de notre projet, mais je dois exprimer mon désaccord avec la décision d'intégrer cette technologie particulière. Je pense qu'elle pose des risques éthiques et pratiques que nous ne devrions pas ignorer. Je suis prêt à explorer des alternatives plus alignées avec nos valeurs et nos objectifs à long terme.",Engagé,Résistant,Moteur
"Je reste dédié au succès du projet X, mais je dois exprimer mon désaccord avec l'usage de certaines techniques proposées. Je ne peux pas soutenir des méthodes qui vont à l'encontre de nos standards éthiques. Je propose que nous réexaminions ces approches et trouvions des alternatives qui respectent nos principes.",Engagé,Résistant,Moteur
"Tout en étant pleinement engagé dans le projet X, je suis préoccupé par l'idée de réduire nos tests de qualité. Compromettre la qualité pour la rapidité pourrait avoir des conséquences à long terme. Je recommande vivement de maintenir notre rigueur habituelle et je suis disposé à discuter d'autres stratégies pour rester dans les délais sans sacrifier nos standards.",Engagé,Résistant,Moteur
"Je trouve notre direction actuelle sur le projet X très stimulante et j'y suis pleinement engagé. Toutefois, je suis un peu préoccupé par les récents changements proposés qui pourraient éloigner le projet de ses objectifs originaux. Serait-il possible de revoir ces modifications pour s'assurer qu'elles alignent vraiment avec notre vision globale?",Coopérant,Résistant,Moteur
"Je suis encouragé par les progrès que nous faisons sur le projet X et par l'orientation que nous prenons. Je soutiens pleinement les plans actuels . Si des ajustements sont nécessaires, je suis flexible et prêt à adapter mes contributions en fonction des besoins de l'équipe.",Coopérant,Conciliant,Passif
"Le projet X est passionnant, et je suis ravi d'y participer. Néanmoins, je ne suis pas sûr que réduire les ressources dans les domaines clés soit la meilleure approche. Cela pourrait risquer la qualité du résultat final. Peut-être pourrions-nous discuter d'autres façons de gérer le budget sans compromettre des aspects critiques du projet?",Coopérant,Résistant,Moteur
"J'ai pris connaissance des dernières mises à jour du projet X et je suivrai les directives de l'équipe pour continuer mon travail. Si vous avez des tâches spécifiques à me confier, je suis prêt à les prendre en charge selon les besoins.",Minimaliste,Conciliant,Passif
"Je comprends que nous devons peut-être augmenter nos efforts sur le projet X. Cependant, je tiens à préciser que je continuerai à travailler dans mes horaires habituels. Je m'assurerai que mes tâches actuelles sont complétées à temps.",Minimaliste,Résistant,Passif
"Concernant les nouvelles méthodologies suggérées pour le projet X, je préférerais continuer avec les procédures actuelles auxquelles je suis habitué. Je ne suis pas en faveur de changer ma manière de travailler à ce stade du projet.",Minimaliste,Opposant,Opposant
"Je suis encouragé par notre quête d'efficacité et de réduction des coûts. Toutefois, l'externalisation de ces opérations pourrait présenter des risques que nous devrions considérer plus attentivement. J’aimerais que nous explorions d'autres options avant de prendre une décision finale pour être certains de ne pas affecter négativement notre chaîne de valeur.",Intéressé,Résistant,Moteur
"J'ai entendu parler des changements proposés pour le projet X. Personnellement, je trouve que le système actuel fonctionne bien pour moi et je préférerais ne pas adopter de nouvelles approches qui pourraient perturber mon flux de travail habituel.",Minimaliste,Opposant,Opposant
"Je suis pleinement investi et crois en notre capacité à réaliser quelque chose de significatif. Cependant, je dois exprimer mon désaccord concernant notre récente orientation vers cette strategie. À mon avis, cette stratégie ne reflète pas les valeurs fondamentales de notre projet et risque de compromettre nos objectifs à long terme. Bien que je comprenne les raisons qui sous-tendent cette décision, je pense que nous devons reconsidérer notre approche. Je propose que nous explorions des alternatives qui pourraient être plus alignées avec notre mission initiale et nos objectifs stratégiques. Je suis prêt à diriger une session de brainstorming pour développer ces alternatives et à travailler avec chacun de vous pour assurer que nous prenons la meilleure direction possible pour notre projet.",Engagé,Résistant,Moteur
"C’est formidable de voir de nouvelles idées prendre forme. J'apprécie vraiment l'effort de l'équipe pour innover. Je suis prêt à aider où c'est nécessaire pour s'assurer que ces nouvelles politiques soient mises en œuvre efficacement, en m'adaptant aux besoins de l'équipe.",Coopérant,Conciliant,Passif
" Pour ma part, j'ai suivi les spécifications du projet jusqu'à présent, en me concentrant sur l'analyse des données comme demandé. Cependant, je dois être honnête, je suis préoccupé par les objectifs globaux du projet. Jusqu'à présent, les résultats ne semblent pas justifier l'investissement supplémentaire en temps et en ressources. Je ne suis pas sûr que de nouvelles approches changeront significativement nos conclusions.  Je continue de respecter les directives et de compléter mes analyses courantes. Cependant, je suis réticent à m'engager davantage dans des recherches supplémentaires qui, à mon avis, ne vont probablement pas porter leurs fruits. Je pense que nous devons être plus réalistes sur ce que nous pouvons atteindre avec les données et les ressources actuelles. Je préfère me concentrer sur la finalisation des tâches que j'ai déjà sans me lancer dans de nouvelles directions incertaines.",Minimaliste,Opposant,Irréductible
Je comprends que le projet évolue et que ces nouvelles fonctionnalités sont envisagées pour améliorer nos résultats.  Je prends note des nouvelles attentes et resterai attentif aux formations ou aux instructions qui nous seront fournies pour m'assurer de réaliser correctement les tâches. ,Intéressé,Conciliant,Passif
"Je comprends l'intérêt d'adopter cette nouvelle technologie, mais personnellement, je ne suis pas très à l'aise avec l'idée d'intégrer quelque chose de si complexe sans préparation adéquate. Si nous devons vraiment aller de l'avant avec cela, je pense qu'il serait essentiel d'avoir une formation. Cela nous aiderait à être plus efficaces et à éviter des erreurs coûteuses.",Intéressé,Résistant,Passif
"Je dois être franc, je ne pense pas que l'intégration de cette nouvelle technologie soit nécessaire pour le projet. Je trouve que les outils que nous utilisons actuellement suffisent pour atteindre nos objectifs. En plus, avec les délais pressants du projet, je ne vois pas comment je pourrais trouver le temps pour me former sur une nouvelle technologie que je considère comme non essentielle.  Je respecte la direction que le projet prend, mais personnellement, je ne souhaite pas participer à cette transition. ",Minimaliste,Irréconciliant,Irréductible
"je dois exprimer mon désaccord avec ce choix. D'après ce que j'ai pu voir, XYZ présente plusieurs complications qui pourraient ralentir plutôt qu'accélérer notre travail. Les défis techniques associés à son intégration risquent de nous embourber, surtout avec nos échéances actuelles.",Minimaliste,Opposant,Opposant
" Je pense que c'est une excellente initiative d'intégrer la technologie XYZ. Les avantages que nous pourrions en tirer, notamment en termes d'accélération des analyses, sont vraiment prometteurs. Je suis impatient de voir comment cela va se déployer et je suis sûr que cela aura un impact positif sur notre projet.  Pour ma part, je n'ai pas de nouvelles propositions à l'instant, mais je suis tout à fait d'accord pour suivre les plans établis par l'équipe technique. Je suis là pour soutenir et appliquer les décisions prises, et je suis convaincu que ceux en charge des innovations sauront tirer le meilleur parti de cette technologie.",Intéressé,Conciliant,Passif
"L'impact potentiel du projet et les améliorations promises par la technologie XYZ sont très intéressants. Je vois comment cela pourrait vraiment faire avancer nos objectifs. Cependant, j'ai quelques préoccupations sur la complexité de XYZ. Est-ce que nous avons évalué si c'est la meilleure option disponible  ? ",Intéressé,Résistant,Passif
"L'idée d'utiliser la technologie XYZ que vous avez proposé pour améliorer nos processus est intéressante. Je vois le potentiel que cela peut apporter à notre projet.Cependant, je pense que l'intégration de cette technologie va compliquer nos opérations actuelles, surtout compte tenu de notre rythme de travail déjà soutenu.",Intéressé,Opposant,Opposant
"Je reconnais les avantages que la technologie XYZ pourrait apporter à notre projet, mais je dois mettre en lumière un problème majeur : la stratégie d'implémentation actuelle est non seulement inadaptée, mais elle représente également un danger réel pour l'intégrité de notre travail. Je vais être totalement franc avec vous tous : poursuivre selon ce plan constitue une erreur grave qui ne peut être ignorée. je refuse catégoriquement de soutenir ou de participer à cette initiative. Je ne me rangerai pas derrière une décision qui, à mes yeux, compromet notre mission et nos valeurs fondamentales.",Minimaliste,Irréconciliant,Irréductible
"J'apprécie vraiment l'initiative d'intégrer la technologie XYZ dans notre projet. Je pense que c'est une excellente direction qui pourrait vraiment transformer notre manière de travailler. Cependant, pour maximiser notre efficacité et assurer que nous tirons le meilleur parti de cette technologie, je propose que nous envisagions également d'adopter une méthodologie Agile pour notre gestion de projet. Cela pourrait nous aider à être plus réactifs aux ajustements nécessaires en cours de déploiement et à mieux intégrer les retours de nos équipes. L'agilité nous permettrait de tester et de peaufiner l'utilisation de XYZ de manière plus itérative et dynamique.",Engagé,Conciliant,Aligné
"Je reconnais certainement les bénéfices que la technologie XYZ pourrait apporter à notre projet, mais je dois exprimer mes inquiétudes sérieuses. L'adoption de cette technologie pourrait complexifier notre flux de travail bien plus que prévu, étant donné la courbe d'apprentissage assez raide. Avant de nous engager plus avant, je pense qu'il serait prudent de réfléchir à des alternatives ou à des mesures atténuantes. Pourquoi ne pas envisager une phase pilote, par exemple ? Cela nous donnerait l'opportunité de voir comment XYZ s'intègre dans nos opérations sans engagement total et nous permettrait d'ajuster le tir en fonction des résultats obtenus.",Coopérant,Résistant,Moteur
" Je comprends l'intention derrière l'adoption de la technologie XYZ et ses avantages potentiels. Cependant, d'après mes analyses et notre situation actuelle, je suis convaincu que cela pourrait en fait compliquer nos processus plutôt que de les améliorer. Je pense que nous devons reconsidérer cette décision. Plutôt que de foncer avec XYZ, je propose que nous explorions des améliorations sur nos outils actuels ou que nous recherchions une technologie alternative moins intrusive et mieux alignée avec nos capacités existantes.  Certainement. XYZ exige une adaptation significative dans notre manière de travailler et une formation approfondie. Notre équipe n'est pas encore prête pour un tel changement radical et cela pourrait ralentir nos projets en cours. De plus, en explorant d'autres technologies moins complexes, nous pourrions trouver une solution qui s'adapte plus naturellement à nos méthodes de travail sans perturber nos flux actuels. Je suis prêt à diriger une étude comparative pour évaluer ces alternatives et présenter mes conclusions.",Intéressé,Résistant,Moteur
"je souhaite partager quelques propositions que j'ai élaborées en réponse à nos défis actuels. Premièrement, je propose d'optimiser nos processus de données en intégrant une suite analytique améliorée qui aligne directement avec nos besoins spécifiques de reporting et d'analyse prédictive.  Concernant la proposition d'intégrer la technologie XYZ , je vois que c'est un erreur eviter , je peux accepter du tout ca",Coopérant,Irréconciliant,Déchiré
"Je comprends les motivations derrière cette décision, mais je dois dire sans détour que l'adoption de la technologie XYZ est une erreur. Après avoir analysé en détail les implications et notre capacité à intégrer efficacement cette technologie je suis convaincu que cela ne fera que compliquer nos opérations et dilapider nos ressources. Cela va à l'encontre de nos intérêts et nuira à notre productivité. Je ne peux soutenir ce plan sous aucune condition . Je propose de diriger une équipe pour évaluer d'autres technologies ou processus qui pourraient offrir les avantages recherchés  sans les inconvénients de XYZ.",Engagé,Irréconciliant,Déchiré
"Je suis vraiment enthousiasmé par les opportunités que nous avons devant nous avec ces nouvelles technologies. J'ai examiné une série d'outils et je propose que nous adoptions la technologie ABC pour améliorer significativement nos performances. Cette technologie a le potentiel de transformer notre approche actuelle, en nous rendant plus efficaces et en réduisant nos coûts opérationnels. Concernant la technologie XYZ, je suis tout à fait d'accord avec l'orientation que nous prenons. Je pense que l'association de XYZ avec ABC pourrait créer une synergie qui maximiserait nos résultats. Pour assurer une transition en douceur, je suis prêt à organiser et à diriger des sessions de formation pour notre équipe. Cela nous aidera à comprendre pleinement les fonctionnalités et à tirer le meilleur parti de ces technologies dès leur intégration.",Engagé,Conciliant,Engagé
"Je suis vraiment enthousiasmé par les opportunités que nous avons devant nous avec ces nouvelles technologies. J'ai examiné une série d'outils et je propose que nous adoptions la technologie ABC pour améliorer significativement nos performances. Cette technologie a le potentiel de transformer notre approche actuelle, en nous rendant plus efficaces et en réduisant nos coûts opérationnels.oncernant la proposition d'intégrer la technologie XYZ, j'aimerais vraiment comprendre comment cette technologie pourrait nous aider davantage. Pouvons-nous discuter de ses avantages spécifiques et voir si elle correspond vraiment à nos besoins actuels? J’ai analysé nos défis actuels et les solutions que nous avons déjà mises en place, et je me demande si XYZ apporte une valeur ajoutée suffisante pour justifier le coût et l'effort d'intégration. Quels sont les problèmes spécifiques que XYZ est censée résoudre ? Et comment se compare-t-elle aux outils que nous utilisons déjà ? Si nous décidons d'aller de l'avant avec XYZ, je suggère que nous envisagions une phase de test ou une période d'évaluation pour mesurer son impact réel comparé à nos systèmes existants. Cela nous aiderait à prendre une décision éclairée basée sur des données concrètes plutôt que des hypothèses.",Engagé,Résistant,Moteur
"Bien sûr. XYZ, bien qu'innovante, s'oriente vers des solutions qui, à mon avis, ne s'alignent pas avec nos objectifs stratégiques à long terme. Elle semble offrir des fonctionnalités avancées, mais ces fonctionnalités ne sont pas celles dont nous avons le plus besoin actuellement. À la place, j'ai prposé la technologie ABC, qui non seulement répond mieux à nos exigences spécifiques mais offre également une intégration plus fluide avec les systèmes que nous avons déjà en place. ABC nous permettrait de maximiser notre efficacité sans les risques et les coûts excessifs associés à XYZ. : ABC est conçue pour s'adapter aux infrastructures comme la nôtre et offre une courbe d'apprentissage beaucoup plus abordable, ce qui minimisera le temps d'adaptation nécessaire pour notre équipe.",Engagé,Opposant,Moteur
"Depuis le début de l'initiative de transformation numérique,  j'ai initié une série de sessions de formation pour mon équipe afin de garantir une transition en douceur. Je suis convaincu que ce projet est essentiel pour l'avenir de notre entreprise et je suis pleinement engagé à soutenir cette vision. Je suis également ouvert et disposé à discuter de toutes les propositions qui pourraient améliorer notre approche, car je crois en l'importance de l'alignement de tous les départements pour le succès de ce projet.",Engagé ,Conciliant,Engagé
"Le projet de renouvellement de notre stratégie de marketing digital est fondamental pour notre capacité à rester compétitifs.  J'ai  lancé une série de workshops pour explorer comment les outils d'intelligence artificielle peuvent être intégrés dans nos campagnes. Cela dit, je dois exprimer certaines réserves concernant l'approche globale proposée. Je trouve que nous nous précipitons sans avoir suffisamment évalué les implications de l'utilisation de certaines plateformes, ce qui pourrait affecter notre image de marque. Je suis prêt à en discuter plus en détail et à explorer d'autres alternatives qui pourraient mieux correspondre à nos objectifs sans compromettre nos valeurs.",Engagé,Résistant,Moteur
"Je suis pleinement engagé dans le projet de réorganisation de notre entreprise, conscient de son importance pour améliorer notre efficacité opérationnelle. J'ai pris des initiatives importantes, comme développer des plans détaillés pour chaque département afin d'assurer une transition fluide. Cependant, je dois exprimer mes réserves concernant la méthode actuelle de redistribution des ressources. Je trouve que notre approche pourrait sérieusement désavantager certains départements clés et risquer de diminuer notre performance globale. Malgré plusieurs discussions, je reste convaincu que nous devons revoir notre stratégie avant de procéder. Je suis disposé à travailler sur des alternatives qui préserveraient mieux l'équilibre et l'efficacité de tous les départements.",Engagé,Opposant,Moteur
"j'ai initié une refonte complète de notre processus de communication interne et externe. J'ai mis en place un système de gestion de projet transparent et collaboratif, permettant à toutes les parties prenantes d'être informées en temps réel des avancées et des défis rencontrés.  Cependant, je suis  opposée à la méthode de déploiement rapide que notre direction souhaite adopter. À mon avis, cette approche risque de causer des interruptions critiques dans nos opérations, affectant notre service client et notre réputation. Je suis totalement inflexible sur ce point et j'ai commencé à explorer des alternatives de déploiement plus progressives, en consultant des experts externes pour renforcer ma position et proposer une stratégie plus prudente et efficace. ",Engagé,Irréconciliant,Déchiré
j'ai initié un petit groupe de travail inter-départemental pour identifier des opportunités d'amélioration continue dans nos processus. Je suis d'accord avec l'approche proposée par la direction et enthousiaste à l'idée de voir les impacts positifs que ces changements apporteront à notre entreprise et à l'environnement.,Coopérant,Conciliant,Aligné
"j'ai contribué avec enthousiasme, proposant plusieurs designs innovants pour nos nouveaux espaces de travail collaboratif. Cependant, je suis préoccupée par certains aspects du projet, notamment l'ampleur et la rapidité des changements proposés, qui pourraient perturber notre routine de travail pendant la transition.  j'aimerais que nous envisagions des phases de mise en œuvre plus graduelles. Je suis prête à collaborer étroitement avec la direction pour trouver un compromis qui minimise les perturbations tout en réalisant notre vision d'un espace de travail modernisé.",Engagé,Résistant,Moteur
"J'ai activement participé à la phase initiale du projet de changement de notre système RH, en mettant en œuvre les directives et en proposant des initiatives pour une transition plus douce pour tous les départements. Cependant, je dois exprimer mes réserves concernant la rapidité de l'implémentation et les choix de certaines fonctionnalités du nouveau système, qui, je le crains, ne répondent pas entièrement aux besoins spécifiques de notre département. J'ai clairement exprimé mes préoccupations lors des réunions de projet et j'ai proposé des alternatives, comme l'adoption d'un système modulaire qui permettrait une personnalisation plus poussée.",Coopérant,Opposant,Moteur
"j'ai pris l'initiative d'évaluer de manière proactive les implications de sécurité de la nouvelle architecture proposée. Cependant, certaines approches sont très complexes et je ne m'adapterai jamais à elles.",Coopérant,Irréconciliant,Déchiré
"Concernant le projet de réorganisation des horaires, j'ai trouvé que c'est interessants  reconnaissant les avantages potentiels pour l'équilibre travail-vie personnelle. Je suis entièrement prêt à suivre cette direction. Je crois que ce changement peut être bénéfique pour la majorité d'entre nous et je suis ouvert à voir comment il se déroulera en pratique, espérant qu'il répondra effectivement aux besoins de tous les employés.",Intéressé,Conciliant,Passif
" Je reconnais les avantages de cette mise à jour, notamment en termes de flexibilité et de bien-être des employés. Cependant, je suis préoccupée par la manière dont cela pourrait affecter notre capacité à collaborer efficacement, surtout dans des projets qui nécessitent une interaction fréquente et directe entre les membres de l'équipe.    je pense qu'il serait bénéfique de discuter davantage des modalités de mise en œuvre.",Intéressé,Résistant,Passif
"Concernant le projet de réduction des coûts, C'est interessant , je vois qu'il va avoir des avantages . outefois, je dois exprimer mon désaccord quant à la réduction des budgets de voyage et des avantages sociaux. Bien que conscient des nécessités économiques actuelles, je crains que ces coupes n'aient un impact négatif sur le moral des équipes et notre capacité à maintenir des relations de qualité avec nos clients à l'étranger.",Intéressé,Opposant,Opposant
"Concernant le projet de réorganisation des horaires, j'ai trouvé que c'est interessants  reconnaissant les avantages potentiels pour l'équilibre travail-vie personnelle.  Cependant, j'accepte pas ces changements précipités , sinon je prefere quitter l'equipe",Intéressé,Irréconciliant,Irréductible
Je me conforme aux taches fixés concernant la mise à jour de notre logiciel.  et  Je suis entièrement prêt à suivre cette direction. ,Minimaliste,Conciliant,Passif
"J'ai suivi les instructions concernant la restructuration de notre équipe, . Personnellement, je trouve que les changements proposés pourraient perturber notre routine et l'efficacité de notre travail. je veux discuter davantage pour  pour mieux comprendre les bénéfices de ces changements. ",Minimaliste,Résistant,Passif
"Concernant le projet d'expan sion internationale,je suis concentré sur les aspects techniques de mon travail. Toutefois, je dois exprimer mon désaccord concernant 'implémentation de notre infrastructure IT dans les nouveaux bureaux. Je ne suis pas prêt à soutenir cette stratégie telle quelle.",Minimaliste,Opposant,Opposant
"Je continue d'effectuer mes tâches quotidiennes comme l'exige le protocole. . Cependant, je suis totalement en désaccord avec les réductions de budget imposées par notre direction . Ces coupes sont trop sévères et menacent la qualité et l'intégrité de notre travail comptable. ",Minimaliste,Irréconciliant,Irréductible
" j'ai  formé un groupe de travail interdisciplinaire pour accélérer le développement. Nous avons mis en place des sessions de brainstorming hebdomadaires qui ont déjà généré plusieurs idées innovantes que nous sommes en train d'intégrer dans notre pipeline de produits. je suis convaincu que notre collaboration et nos efforts collectifs mèneront à des résultats exceptionnels. Je reste ouvert et enthousiaste à l'idée de pousser encore plus nos limites pour assurer le succès de notre entreprise.""",Coopérant,Conciliant,Engagé
"J'ai activement participé à la planification et proposé des stratégies pour maximiser notre efficacité énergétique et réduire notre empreinte carbone. Cependant, je dois exprimer certaines réserves concernant le coût initial élevé et l'impact potentiel sur le bien-être des employés pendant la période de transition. je veux explorer des solutions de financement alternatives  s'ils existent qui pourraient atténuer l'impact financier tout en maintenant notre engagement envers la durabilité.",Engagé,Résistant,Moteur
"j'ai organisé des réunions régulières avec les chefs d'équipe pour garantir une communication fluide et en créant des groupes de travail mixtes pour aborder les défis opérationnels. Cependant, je suis préoccupée par l'approche rapide et agressive que nous adoptons. À mon avis, nous risquons de négliger des aspects cruciaux tels que l'alignement culturel et le moral des employés. J'ai exprimé mes préoccupations et proposé une approche plus graduelle qui permettrait une meilleure intégration et moins de perturbations. Je reste convaincue que nous devons reconsidérer notre stratégie pour assurer une fusion réussie et durable.",Engagé,Opposant,Moteur
"j'ai mis en place d'une équipe dédiée à la stratégie digitale et l'organisation de formations en commerce électronique pour notre personnel de vente. Cependant, je dois exprimer mon opposition totale  à l'abandon complet de notre réseau de vente directe. À mon avis, cette stratégie ignore la valeur de la relation client que nous avons bâtie et pourrait aliéner une portion significative de notre clientèle qui préfère l'interaction personnelle. ",Engagé,Opposant,Déchiré
"J'ai suivi toutes les instructions qui m'ont été données et j'essaie de rester informé sur les progrès du projet. Je pense que c'est une bonne initiative pour l'entreprise. Je trouve que l'approche choisie pour la plateforme est appropriée. Elle semble bien adaptée à nos besoins actuels, et je suis prêt à soutenir cette direction. Pour le moment, je n'ai pas de suggestions spécifiques. Je continue de suivre le plan établi et je suis ouvert à toutes les discussions qui pourraient émerger au sein de l'équipe.",Minimaliste,Conciliant,Passif
"le projet semble très interessant, je comprends l'intention derrière le nouveau système, mais je dois avouer que j'ai des réserves quant à son efficacité pour traiter certains cas spécifiques en ressources humaines. Je pense que nous devrions envisager d'ajouter des fonctionnalités supplémentaires ou d'explorer d'autres options qui pourraient mieux répondre à nos besoins diversifiés. J'aimerais aussi voir une étude comparative avec d'autres produits similaires sur le marché.",Intéressé,Résistant,Passif
"je vois que ce projet aura des avantages tres interessantes , mais Honnêtement, je ne suis pas entièrement convaincu par la stack technologique choisie pour notre application. Je pense que certaines technologies plus modernes pourraient améliorer les performances et l'expérience utilisateur.",Intéressé,Opposant,Opposant
"ja vois que le projet est intéressant , je suis content de contrbuer , Cpendant Je suis totalement en désaccord avec  l'intégration du  système de gestion de l'inventaire. Je pense que cela complique nos processus plutôt que de les simplifier. Je suis convaincue que nous devons reconsidérer entièrement notre stratégie plutôt que de continuer sur cette voie.",Intéressé,Irréconciliant,Irréductible
"Je trouve que l'idée du projet est très innovante et nécessaire pour améliorer notre efficacité interne. Cela dit, jusqu'à présent, je me suis principalement concentrée sur l'exécution des tâches qui me sont assignées. Je n'ai pas encore eu l'opportunité de prendre des initiatives propres qui auraient un impact direct sur le projet, mais je reste très attentif aux besoins de l'équipe. Les approches adoptées me semblent bien adaptées aux objectifs que nous visons. Il y a une ou deux décisions dont je n'étais pas entièrement convaincu, notamment en ce qui concerne certains des délais que nous nous sommes fixés, qui me semblent un peu serrés. Néanmoins, je comprends les raisons derrière ces choix et je suis prêt à suivre l'équipe dans la direction prise. Actuellement, je n'ai pas de suggestions spécifiques. Je pense que le processus est bien établi et je fais confiance à notre capacité collective de faire des ajustements en cours de route si nécessaire. ",Minimaliste,Conciliant,Passif
L'idée est bonne.à ce moment  Je n'ai pas des idées innovatrices peuvent impacter le projet. Les approches sont correctes. Pas de réservations particulières. Pas de suggestions Tout semble bien aller.,Minimaliste,Conciliant,Passif
"L'idée du projet est vraiment pertinente et alignée avec la vision de notre entreprise. Concernant mes contributions, j'ai pris l'initiative de mettre à jour régulièrement la documentation du projet et de vérifier que toutes les informations sont à jour. Cela peut sembler simple, mais cela assure que toute l'équipe a accès aux dernières informations nécessaires. Je n'ai pas de réservations majeures, car je pense que notre approche conservatrice est adaptée à la nature de notre projet",Coopérant,Conciliant,Aligné
"Je suis très enthousiaste à propos de l'idée du projet, car elle aligne parfaitement avec nos objectifs à long terme. Pour y contribuer activement, j'ai pris l'initiative de restructurer notre processus de communication interne. J'ai introduit un nouveau système de gestion de tâches qui permet une meilleure visibilité sur les progrès de chacun et améliore la collaboration. Cela a déjà mené à une augmentation notable de notre productivité. Je trouve que les approches actuelles sont solides, mais il y a toujours place à l'amélioration. Par exemple, bien que notre méthodologie soit efficace, j'ai proposé d'intégrer des outils analytiques pour mieux évaluer l'efficacité de nos méthodes et ajuster nos stratégies en temps réel. Cela nous permettrait de rester dynamiques et réactifs face aux défis émergents. Je trouve que les approches actuelles sont solides, mais il y a toujours place à l'amélioration. ",Engagé,Conciliant,Engagé
"Jusqu'à présent, je n'ai pas encore identifié d'opportunités où je pourrais apporter une contribution significative. Certaines méthodes choisies me paraissent assez ambitieuses. Je suis prêt à écouter les explications lors de nos réunions pour mieux comprendre les choix faits",Minimaliste,Résistant,Passif
"L'idée du projet est très inspirante et promet de transformer notre manière de travailler. Actuellement, mon rôle se concentre sur l'analyse et l'observation des processus en place. Je dois avouer que certaines des approches que nous avons choisies ne me semblent pas optimales Je suis toutefois très intéressé par l'exploration de ces points en détail lors de nos discussions futures",Intéressé,Résistant,Passif
"Je trouve que l'idée du projet est alignée avec les objectifs stratégiques de notre entreprise et répond bien aux exigences du marché actuel. Pour contribuer de manière concrète, j'ai initié une série de petites mises à jour dans notre système de suivi des interactions clients pour améliorer l'exactitude de nos données. Cependant, je suis ouvert à en discuter plus amplement .",Coopérant,Résistant,Moteur
"je suis très enthousiaste à propos de l'idée de ce projet, car elle a le potentiel de révolutionner notre approche du marché. Pour maximiser notre impact, j'ai pris l'initiative de former une équipe transversale dédiée à l'innovation pour expérimenter rapidement nos idées et les valider. Nous avons déjà commencé à tester de nouvelles approches dans des segments de marché sélectionnés pour affiner notre stratégie. ""Honnêtement, je trouve que nos méthodes actuelles ne sont pas suffisamment adaptées aux dynamiques rapides du marché. Nous faisons face à un manque critique de flexibilité et de capacité à réagir efficacement aux nouvelles tendances, toutefois je Je suis prête à mener ces discussions et à travailler ensemble pour développer des approches qui répondent mieux à ces défis.",Engagé,Résistant,Moteur
"l'idée est correcte, mais pas nouvelle. Pas d'initiatives de ma part, je me concentre sur mes tâches habituelles. Les méthodes actuelles sont excessivement complexes et inefficaces. Je veux des explications, mais elles doivent être convaincantes.",Minimaliste,Opposant,Opposant
"L'idée du projet me semble bonne et nécessaire pour l'avenir de notre entreprise. Cela dit, je me contente de suivre les directives. Je trouve que certaines des approches choisies sont trop risquées et pourraient menacer la stabilité de notre flux opérationnel. Je ne suis pas convaincu que nous avons suffisamment évalué les implications potentielles, et je suis peu enclin à changer d'avis sans preuves solides d'améliorations tangibles",Intéressé,Opposant,Opposant
"L'idée du projet a du potentiel, mais je reste réservée quant à notre exécution actuelle. Jj'ai pris l'initiative de mettre en place un petit groupe de travail pour revoir et améliorer nos normes de qualité, Je trouve que certaines des approches que nous adoptons sont trop hâtives et pourraient nous exposer à des risques inutiles. Je ne suis pas tout à fait d'accord avec ces méthodes, et je pense que nous devrions reconsidérer notre planification.",Coopérant,Opposant,Moteur
"Je trouve que l'idée du projet est extrêmement prometteuse et pourrait vraiment nous positionner comme leaders sur le marché. Je me suis personnellement engagé à superviser toutes les phases techniques et à implémenter des standards de sécurité très stricts dès le début pour garantir que nous ne compromettons pas la qualité pour la rapidité, toutefois , Je dois exprimer mon désaccord avec notre approche actuelle de la gestion de projet. Elle est trop précipitée et risque de nous mener à des erreurs coûteuses. Je suis fermement convaincu que sans une réévaluation de nos méthodes, nous pourrions subir des revers significatifs. Ma position reste ferme sur la nécessité d'adopter une planification plus minutieuse.",Engagé,Opposant,Moteur
"Je ne suis pas convaincu par le projet. Je n'ai pris aucune initiative car je ne crois pas à son succès. Les approches actuelles sont inadaptées. Je suis fermement contre, Non. À mon avis, ce projet ne devrait pas continuer.",Minimaliste,Irréconciliant,Irréductible
"L'idée en elle-même est attrayante et innovante, ce qui est toujours bon à voir. Cependant, je n'ai pas pris d'initiatives car, franchement, je ne pense pas que le projet soit réalisable dans les conditions actuelles.  les approches que nous utilisons sont irréalistes et ne tiennent pas compte des contraintes du marché réel. Je ne peux pas soutenir une stratégie que je considère comme vouée à l'échec.",Intéressé,Irréconciliant,Irréductible
"L'idée du projet possède certes un certain potentiel. Bien que j'aie pris l'initiative de corriger certains dysfonctionnements techniques évidents , je dois être absolument clair :Je ne peux absolument pas cautionner""",Coopérant,Irréconciliant,Déchiré
"je suis extrêmement enthousiaste à propos de ce projet et de son potentiel pour transformer notre entreprise. J'ai pris l'initiative de mobiliser des ressources supplémentaires et de former une équipe interdisciplinaire pour accélérer le développement. Je suis pleinement investie dans son succès. Nous devons aligner nos plans plus étroitement avec les réalités du marché et les attentes des clients. Je suis prête à diriger cette initiative pour assurer que nous prenons la bonne direction. Cependant, tout en reconnaissant les efforts considérables de notre équipe, je dois souligner que notre approche actuelle de mise en marché est prématurée et mal alignée avec nos capacités opérationnelles. Cette stratégie, si elle est maintenue, pourrait sérieusement compromettre nos objectifs. Sur ce point, ma position est ferme et non négociable. Je ne peux soutenir une stratégie que je considère fondamentalement erronée. je m'engage à mettre en œuvre toutes les mesures nécessaires pour rectifier notre cap et garantir le succès à long terme de notre entreprise.""",Engagé,Irréconciliant,Déchiré
Je fais ce qui est demandé. Aucune initiative. Les approches ne fonctionneront pas. Pas d'autres commentaires.,Minimaliste,Irréconciliant,Irréductible
"""L'idée est intéressante sur le papier, et j'apprécie certains des objectifs qu'elle vise à atteindre. Cependant,  je reste sceptique quant à notre capacité de mise en œuvre effective. Bien que l'idée principale ait du potentiel, je trouve que les approches actuelles sont mal adaptées à notre contexte. Je suis assez critique de ces méthodes et je pense qu'elles nécessitent une révision substantielle pour être viables.",Intéressé,Opposant,Opposant
"L'idée du projet est bien pensée, elle a du potentiel. Pour ma part, j'ai contribué par quelques ajustements organisationnels pour optimiser nos réunions d'équipe et notre communication interne, mais rien qui ne transforme radicalement notre approche. Les stratégies déployées sont assez standards; elles pourraient être améliorées. J'ai des réserves sur l'efficacité à long terme de certaines de nos méthodes actuelles",Intéressé,Résistant,Opposant